<?xml version="1.0" encoding="UTF-8"?>
<project-private xmlns="http://www.netbeans.org/ns/project-private/1">
    <editor-bookmarks xmlns="http://www.netbeans.org/ns/editor-bookmarks/2" lastBookmarkId="0"/>
    <open-files xmlns="http://www.netbeans.org/ns/projectui-open-files/2">
        <group>
            <file>file:/C:/Users/Billy/Desktop/CSCI2141/A4/a4/src/a4/MysqlDatabaseConnection.java</file>
            <file>file:/C:/Users/Billy/Desktop/CSCI2141/A4/a4/src/a4/UserInterface.java</file>
            <file>file:/C:/Users/Billy/Desktop/CSCI2141/A4/a4/src/a4/Main.java</file>
            <file>file:/C:/Users/Billy/Desktop/CSCI2141/A4/a4/src/a4/Application.java</file>
            <file>file:/C:/Users/Billy/Desktop/CSCI2141/A4/a4/src/a4/EmployeeCRUD.java</file>
        </group>
    </open-files>
</project-private>
